Workbook

Sheet Calculator
B1: Calcul masă GPL (propan) din litri la temperatura ambiantă
B2: Completezi doar celulele GALBENE (text albastru). Restul se calculează automat.
B4: Mărime | C4: Valoare | D4: Unitate | E4: Formula (în cuvinte) | F4: Explicație
B5: PASUL 0 – Date de intrare
B6: Litri livrați (citiți la contor) | C6: 10000 | D6: L | E6: V_t | F6: Volumul măsurat la temperatura reală a produsului (ambiantă).
B7: Temperatura produsului la livrare | C7: 25 | D7: °C | E7: t | F7: Temperatura din momentul măsurării (de pe contor / termometru).
B8: Densitatea la 15 °C | C8: 0.51 | D8: kg/L | E8: ρ15 | F8: Din certificatul de calitate / buletinul de analiză al lotului.
B9: Cântărire „în aer”? (DA/NU) | C9: NU | F9: DA = se scade flotabilitatea aerului (0,0011 kg/L). Calculul comercial obișnuit folosește NU (masă în vid).
B10: PASUL 1 – Coeficientul de dilatare termică β
B11: Coeficient de dilatare β | C11: =Coeficienti!B12 | D11: 1/°C | E11: interpolat din foaia Coeficienti după ρ15 | F11: Cât se dilată produsul pe fiecare grad. Propanul (ușor) se dilată mai mult decât butanul (greu).
B12: PASUL 2 – Diferența de temperatură față de 15 °C
B13: Δt = t − 15 | C13: =C7-Coeficienti!B15 | D13: °C | E13: t − 15 | F13: Pozitiv = mai cald decât 15 °C (produsul e dilatat). Negativ = mai rece (produsul e contractat).
B14: PASUL 3 – Factorul de corecție a volumului (VCF)
B15: VCF = 1 − β × Δt | C15: =1-C11*C13 | D15: - | E15: 1 − β × (t − 15) | F15: Cu cât se înmulțesc litrii reali ca să afli câți litri ar fi la 15 °C. VCF < 1 când e cald, > 1 când e frig.
B16: PASUL 4 – Volumul adus la 15 °C
B17: V15 = V_t × VCF | C17: =C6*C15 | D17: L | E17: V_t × VCF | F17: Litri „standard” – același produs, dacă ar avea 15 °C.
B18: PASUL 5 – Densitatea folosită la calculul masei
B19: Densitate de calcul | C19: =IF(UPPER(C9)="DA",C8-Coeficienti!B16,C8) | D19: kg/L | E19: ρ15 (sau ρ15 − 0,0011 dacă „în aer”) | F19: Corecția de flotabilitate a aerului se aplică doar dacă documentele cer masa „în aer”.
B20: PASUL 6 – Masa
B21: Masa = V15 × densitate | C21: =C17*C19 | D21: kg | E21: V15 × ρ | F21: Masa nu depinde de temperatură – de aceea o calculăm pe litrii aduși la 15 °C.
B22: Masa în tone | C22: =C21/1000 | D22: t | E22: kg ÷ 1000
B23: VERIFICĂRI / ÎNȚELEGERE
B24: Densitatea reală la temperatura t | C24: =C8*C15 | D24: kg/L | E24: ρ_t = ρ15 × VCF | F24: Cât cântărește un litru la temperatura de livrare.
B25: Masa calculată direct: V_t × ρ_t | C25: =C6*C24 | D25: kg | E25: V_t × ρ_t | F25: Trebuie să iasă egal cu masa de mai sus (când „în aer” = NU). Arată că e același lucru.
B26: Masa dacă ai fi ignorat temperatura | C26: =C6*C8 | D26: kg | E26: V_t × ρ15 | F26: Greșeala tipică: înmulțești litrii direct cu densitatea de la 15 °C.
B27: Diferența (eroarea evitată) | C27: =C26-C21 | D27: kg | F27: Pozitiv = ai fi raportat/facturat prea mult; negativ = prea puțin.
B28: Diferența în % | C28: =IF(C21=0,0,C27/C21) | D28: % | F28: Aproximativ 0,3 % pe fiecare grad diferență față de 15 °C.

Sheet Efect temperatura
A1: Aceiași litri, temperaturi diferite – cum se schimbă masa
A2: Folosește litrii, ρ15 și β din foaia Calculator. Rândul verde = 15 °C (fără corecție).
A4: Temperatura (°C) | B4: Δt (°C) | C4: VCF | D4: V15 (L) | E4: Masa (kg) | F4: Masa (t) | G4: Dif. față de 15 °C (kg)
A5: -10 | B5: =A5-Coeficienti!$B$15 | C5: =1-Calculator!$C$11*B5 | D5: =Calculator!$C$6*C5 | E5: =D5*Calculator!$C$19 | F5: =E5/1000 | G5: =E5-Calculator!$C$6*Calculator!$C$19
A6: -5 | B6: =A6-Coeficienti!$B$15 | C6: =1-Calculator!$C$11*B6 | D6: =Calculator!$C$6*C6 | E6: =D6*Calculator!$C$19 | F6: =E6/1000 | G6: =E6-Calculator!$C$6*Calculator!$C$19
A7: 0 | B7: =A7-Coeficienti!$B$15 | C7: =1-Calculator!$C$11*B7 | D7: =Calculator!$C$6*C7 | E7: =D7*Calculator!$C$19 | F7: =E7/1000 | G7: =E7-Calculator!$C$6*Calculator!$C$19
A8: 5 | B8: =A8-Coeficienti!$B$15 | C8: =1-Calculator!$C$11*B8 | D8: =Calculator!$C$6*C8 | E8: =D8*Calculator!$C$19 | F8: =E8/1000 | G8: =E8-Calculator!$C$6*Calculator!$C$19
A9: 10 | B9: =A9-Coeficienti!$B$15 | C9: =1-Calculator!$C$11*B9 | D9: =Calculator!$C$6*C9 | E9: =D9*Calculator!$C$19 | F9: =E9/1000 | G9: =E9-Calculator!$C$6*Calculator!$C$19
A10: 15 | B10: =A10-Coeficienti!$B$15 | C10: =1-Calculator!$C$11*B10 | D10: =Calculator!$C$6*C10 | E10: =D10*Calculator!$C$19 | F10: =E10/1000 | G10: =E10-Calculator!$C$6*Calculator!$C$19
A11: 20 | B11: =A11-Coeficienti!$B$15 | C11: =1-Calculator!$C$11*B11 | D11: =Calculator!$C$6*C11 | E11: =D11*Calculator!$C$19 | F11: =E11/1000 | G11: =E11-Calculator!$C$6*Calculator!$C$19
A12: 25 | B12: =A12-Coeficienti!$B$15 | C12: =1-Calculator!$C$11*B12 | D12: =Calculator!$C$6*C12 | E12: =D12*Calculator!$C$19 | F12: =E12/1000 | G12: =E12-Calculator!$C$6*Calculator!$C$19
A13: 30 | B13: =A13-Coeficienti!$B$15 | C13: =1-Calculator!$C$11*B13 | D13: =Calculator!$C$6*C13 | E13: =D13*Calculator!$C$19 | F13: =E13/1000 | G13: =E13-Calculator!$C$6*Calculator!$C$19
A14: 35 | B14: =A14-Coeficienti!$B$15 | C14: =1-Calculator!$C$11*B14 | D14: =Calculator!$C$6*C14 | E14: =D14*Calculator!$C$19 | F14: =E14/1000 | G14: =E14-Calculator!$C$6*Calculator!$C$19

Sheet Livrari
A1: Registru livrări – calcul pe fiecare livrare
A2: Completezi coloanele galbene (A–E). Rândurile 5–6 sunt exemple – le poți suprascrie sau șterge.
A4: Data | B4: Nr. aviz | C4: Litri (V_t) | D4: Temp. (°C) | E4: ρ15 (kg/L) | F4: β (1/°C) | G4: VCF | H4: V15 (L) | I4: Masa (kg) | J4: Masa (t)
A5: 46300 | B5: EXEMPLU-1 | C5: 10000 | D5: 25 | E5: 0.51 | F5: =IF(OR(C5="",D5="",E5=""),"",IF(E5<=Coeficienti!$A$4,Coeficienti!$B$4,IF(E5>=Coeficienti!$A$7,Coeficienti!$B$7,INDEX(Coeficienti!$B$4:$B$7,MATCH(E5,Coeficienti!$A$4:$A$7,1))+(E5-INDEX(Coeficienti!$A$4:$A$7,MATCH(E5,Coeficienti!$A$4:$A$7,1)))*(INDEX(Coeficienti!$B$4:$B$7,MATCH(E5,Coeficienti!$A$4:$A$7,1)+1)-INDEX(Coeficienti!$B$4:$B$7,MATCH(E5,Coeficienti!$A$4:$A$7,1)))/(INDEX(Coeficienti!$A$4:$A$7,MATCH(E5,Coeficienti!$A$4:$A$7,1)+1)-INDEX(Coeficienti!$A$4:$A$7,MATCH(E5,Coeficienti!$A$4:$A$7,1)))))) | G5: =IF(F5="","",1-F5*(D5-Coeficienti!$B$15)) | H5: =IF(G5="","",C5*G5) | I5: =IF(H5="","",H5*E5) | J5: =IF(I5="","",I5/1000)
A6: 46300 | B6: EXEMPLU-2 | C6: 12500 | D6: 4 | E6: 0.507 | F6: =IF(OR(C6="",D6="",E6=""),"",IF(E6<=Coeficienti!$A$4,Coeficienti!$B$4,IF(E6>=Coeficienti!$A$7,Coeficienti!$B$7,INDEX(Coeficienti!$B$4:$B$7,MATCH(E6,Coeficienti!$A$4:$A$7,1))+(E6-INDEX(Coeficienti!$A$4:$A$7,MATCH(E6,Coeficienti!$A$4:$A$7,1)))*(INDEX(Coeficienti!$B$4:$B$7,MATCH(E6,Coeficienti!$A$4:$A$7,1)+1)-INDEX(Coeficienti!$B$4:$B$7,MATCH(E6,Coeficienti!$A$4:$A$7,1)))/(INDEX(Coeficienti!$A$4:$A$7,MATCH(E6,Coeficienti!$A$4:$A$7,1)+1)-INDEX(Coeficienti!$A$4:$A$7,MATCH(E6,Coeficienti!$A$4:$A$7,1)))))) | G6: =IF(F6="","",1-F6*(D6-Coeficienti!$B$15)) | H6: =IF(G6="","",C6*G6) | I6: =IF(H6="","",H6*E6) | J6: =IF(I6="","",I6/1000)
F7: =IF(OR(C7="",D7="",E7=""),"",IF(E7<=Coeficienti!$A$4,Coeficienti!$B$4,IF(E7>=Coeficienti!$A$7,Coeficienti!$B$7,INDEX(Coeficienti!$B$4:$B$7,MATCH(E7,Coeficienti!$A$4:$A$7,1))+(E7-INDEX(Coeficienti!$A$4:$A$7,MATCH(E7,Coeficienti!$A$4:$A$7,1)))*(INDEX(Coeficienti!$B$4:$B$7,MATCH(E7,Coeficienti!$A$4:$A$7,1)+1)-INDEX(Coeficienti!$B$4:$B$7,MATCH(E7,Coeficienti!$A$4:$A$7,1)))/(INDEX(Coeficienti!$A$4:$A$7,MATCH(E7,Coeficienti!$A$4:$A$7,1)+1)-INDEX(Coeficienti!$A$4:$A$7,MATCH(E7,Coeficienti!$A$4:$A$7,1)))))) | G7: =IF(F7="","",1-F7*(D7-Coeficienti!$B$15)) | H7: =IF(G7="","",C7*G7) | I7: =IF(H7="","",H7*E7) | J7: =IF(I7="","",I7/1000)
F8: =IF(OR(C8="",D8="",E8=""),"",IF(E8<=Coeficienti!$A$4,Coeficienti!$B$4,IF(E8>=Coeficienti!$A$7,Coeficienti!$B$7,INDEX(Coeficienti!$B$4:$B$7,MATCH(E8,Coeficienti!$A$4:$A$7,1))+(E8-INDEX(Coeficienti!$A$4:$A$7,MATCH(E8,Coeficienti!$A$4:$A$7,1)))*(INDEX(Coeficienti!$B$4:$B$7,MATCH(E8,Coeficienti!$A$4:$A$7,1)+1)-INDEX(Coeficienti!$B$4:$B$7,MATCH(E8,Coeficienti!$A$4:$A$7,1)))/(INDEX(Coeficienti!$A$4:$A$7,MATCH(E8,Coeficienti!$A$4:$A$7,1)+1)-INDEX(Coeficienti!$A$4:$A$7,MATCH(E8,Coeficienti!$A$4:$A$7,1)))))) | G8: =IF(F8="","",1-F8*(D8-Coeficienti!$B$15)) | H8: =IF(G8="","",C8*G8) | I8: =IF(H8="","",H8*E8) | J8: =IF(I8="","",I8/1000)
F9: =IF(OR(C9="",D9="",E9=""),"",IF(E9<=Coeficienti!$A$4,Coeficienti!$B$4,IF(E9>=Coeficienti!$A$7,Coeficienti!$B$7,INDEX(Coeficienti!$B$4:$B$7,MATCH(E9,Coeficienti!$A$4:$A$7,1))+(E9-INDEX(Coeficienti!$A$4:$A$7,MATCH(E9,Coeficienti!$A$4:$A$7,1)))*(INDEX(Coeficienti!$B$4:$B$7,MATCH(E9,Coeficienti!$A$4:$A$7,1)+1)-INDEX(Coeficienti!$B$4:$B$7,MATCH(E9,Coeficienti!$A$4:$A$7,1)))/(INDEX(Coeficienti!$A$4:$A$7,MATCH(E9,Coeficienti!$A$4:$A$7,1)+1)-INDEX(Coeficienti!$A$4:$A$7,MATCH(E9,Coeficienti!$A$4:$A$7,1)))))) | G9: =IF(F9="","",1-F9*(D9-Coeficienti!$B$15)) | H9: =IF(G9="","",C9*G9) | I9: =IF(H9="","",H9*E9) | J9: =IF(I9="","",I9/1000)
F10: =IF(OR(C10="",D10="",E10=""),"",IF(E10<=Coeficienti!$A$4,Coeficienti!$B$4,IF(E10>=Coeficienti!$A$7,Coeficienti!$B$7,INDEX(Coeficienti!$B$4:$B$7,MATCH(E10,Coeficienti!$A$4:$A$7,1))+(E10-INDEX(Coeficienti!$A$4:$A$7,MATCH(E10,Coeficienti!$A$4:$A$7,1)))*(INDEX(Coeficienti!$B$4:$B$7,MATCH(E10,Coeficienti!$A$4:$A$7,1)+1)-INDEX(Coeficienti!$B$4:$B$7,MATCH(E10,Coeficienti!$A$4:$A$7,1)))/(INDEX(Coeficienti!$A$4:$A$7,MATCH(E10,Coeficienti!$A$4:$A$7,1)+1)-INDEX(Coeficienti!$A$4:$A$7,MATCH(E10,Coeficienti!$A$4:$A$7,1)))))) | G10: =IF(F10="","",1-F10*(D10-Coeficienti!$B$15)) | H10: =IF(G10="","",C10*G10) | I10: =IF(H10="","",H10*E10) | J10: =IF(I10="","",I10/1000)
F11: =IF(OR(C11="",D11="",E11=""),"",IF(E11<=Coeficienti!$A$4,Coeficienti!$B$4,IF(E11>=Coeficienti!$A$7,Coeficienti!$B$7,INDEX(Coeficienti!$B$4:$B$7,MATCH(E11,Coeficienti!$A$4:$A$7,1))+(E11-INDEX(Coeficienti!$A$4:$A$7,MATCH(E11,Coeficienti!$A$4:$A$7,1)))*(INDEX(Coeficienti!$B$4:$B$7,MATCH(E11,Coeficienti!$A$4:$A$7,1)+1)-INDEX(Coeficienti!$B$4:$B$7,MATCH(E11,Coeficienti!$A$4:$A$7,1)))/(INDEX(Coeficienti!$A$4:$A$7,MATCH(E11,Coeficienti!$A$4:$A$7,1)+1)-INDEX(Coeficienti!$A$4:$A$7,MATCH(E11,Coeficienti!$A$4:$A$7,1)))))) | G11: =IF(F11="","",1-F11*(D11-Coeficienti!$B$15)) | H11: =IF(G11="","",C11*G11) | I11: =IF(H11="","",H11*E11) | J11: =IF(I11="","",I11/1000)
F12: =IF(OR(C12="",D12="",E12=""),"",IF(E12<=Coeficienti!$A$4,Coeficienti!$B$4,IF(E12>=Coeficienti!$A$7,Coeficienti!$B$7,INDEX(Coeficienti!$B$4:$B$7,MATCH(E12,Coeficienti!$A$4:$A$7,1))+(E12-INDEX(Coeficienti!$A$4:$A$7,MATCH(E12,Coeficienti!$A$4:$A$7,1)))*(INDEX(Coeficienti!$B$4:$B$7,MATCH(E12,Coeficienti!$A$4:$A$7,1)+1)-INDEX(Coeficienti!$B$4:$B$7,MATCH(E12,Coeficienti!$A$4:$A$7,1)))/(INDEX(Coeficienti!$A$4:$A$7,MATCH(E12,Coeficienti!$A$4:$A$7,1)+1)-INDEX(Coeficienti!$A$4:$A$7,MATCH(E12,Coeficienti!$A$4:$A$7,1)))))) | G12: =IF(F12="","",1-F12*(D12-Coeficienti!$B$15)) | H12: =IF(G12="","",C12*G12) | I12: =IF(H12="","",H12*E12) | J12: =IF(I12="","",I12/1000)
F13: =IF(OR(C13="",D13="",E13=""),"",IF(E13<=Coeficienti!$A$4,Coeficienti!$B$4,IF(E13>=Coeficienti!$A$7,Coeficienti!$B$7,INDEX(Coeficienti!$B$4:$B$7,MATCH(E13,Coeficienti!$A$4:$A$7,1))+(E13-INDEX(Coeficienti!$A$4:$A$7,MATCH(E13,Coeficienti!$A$4:$A$7,1)))*(INDEX(Coeficienti!$B$4:$B$7,MATCH(E13,Coeficienti!$A$4:$A$7,1)+1)-INDEX(Coeficienti!$B$4:$B$7,MATCH(E13,Coeficienti!$A$4:$A$7,1)))/(INDEX(Coeficienti!$A$4:$A$7,MATCH(E13,Coeficienti!$A$4:$A$7,1)+1)-INDEX(Coeficienti!$A$4:$A$7,MATCH(E13,Coeficienti!$A$4:$A$7,1)))))) | G13: =IF(F13="","",1-F13*(D13-Coeficienti!$B$15)) | H13: =IF(G13="","",C13*G13) | I13: =IF(H13="","",H13*E13) | J13: =IF(I13="","",I13/1000)
F14: =IF(OR(C14="",D14="",E14=""),"",IF(E14<=Coeficienti!$A$4,Coeficienti!$B$4,IF(E14>=Coeficienti!$A$7,Coeficienti!$B$7,INDEX(Coeficienti!$B$4:$B$7,MATCH(E14,Coeficienti!$A$4:$A$7,1))+(E14-INDEX(Coeficienti!$A$4:$A$7,MATCH(E14,Coeficienti!$A$4:$A$7,1)))*(INDEX(Coeficienti!$B$4:$B$7,MATCH(E14,Coeficienti!$A$4:$A$7,1)+1)-INDEX(Coeficienti!$B$4:$B$7,MATCH(E14,Coeficienti!$A$4:$A$7,1)))/(INDEX(Coeficienti!$A$4:$A$7,MATCH(E14,Coeficienti!$A$4:$A$7,1)+1)-INDEX(Coeficienti!$A$4:$A$7,MATCH(E14,Coeficienti!$A$4:$A$7,1)))))) | G14: =IF(F14="","",1-F14*(D14-Coeficienti!$B$15)) | H14: =IF(G14="","",C14*G14) | I14: =IF(H14="","",H14*E14) | J14: =IF(I14="","",I14/1000)
F15: =IF(OR(C15="",D15="",E15=""),"",IF(E15<=Coeficienti!$A$4,Coeficienti!$B$4,IF(E15>=Coeficienti!$A$7,Coeficienti!$B$7,INDEX(Coeficienti!$B$4:$B$7,MATCH(E15,Coeficienti!$A$4:$A$7,1))+(E15-INDEX(Coeficienti!$A$4:$A$7,MATCH(E15,Coeficienti!$A$4:$A$7,1)))*(INDEX(Coeficienti!$B$4:$B$7,MATCH(E15,Coeficienti!$A$4:$A$7,1)+1)-INDEX(Coeficienti!$B$4:$B$7,MATCH(E15,Coeficienti!$A$4:$A$7,1)))/(INDEX(Coeficienti!$A$4:$A$7,MATCH(E15,Coeficienti!$A$4:$A$7,1)+1)-INDEX(Coeficienti!$A$4:$A$7,MATCH(E15,Coeficienti!$A$4:$A$7,1)))))) | G15: =IF(F15="","",1-F15*(D15-Coeficienti!$B$15)) | H15: =IF(G15="","",C15*G15) | I15: =IF(H15="","",H15*E15) | J15: =IF(I15="","",I15/1000)
F16: =IF(OR(C16="",D16="",E16=""),"",IF(E16<=Coeficienti!$A$4,Coeficienti!$B$4,IF(E16>=Coeficienti!$A$7,Coeficienti!$B$7,INDEX(Coeficienti!$B$4:$B$7,MATCH(E16,Coeficienti!$A$4:$A$7,1))+(E16-INDEX(Coeficienti!$A$4:$A$7,MATCH(E16,Coeficienti!$A$4:$A$7,1)))*(INDEX(Coeficienti!$B$4:$B$7,MATCH(E16,Coeficienti!$A$4:$A$7,1)+1)-INDEX(Coeficienti!$B$4:$B$7,MATCH(E16,Coeficienti!$A$4:$A$7,1)))/(INDEX(Coeficienti!$A$4:$A$7,MATCH(E16,Coeficienti!$A$4:$A$7,1)+1)-INDEX(Coeficienti!$A$4:$A$7,MATCH(E16,Coeficienti!$A$4:$A$7,1)))))) | G16: =IF(F16="","",1-F16*(D16-Coeficienti!$B$15)) | H16: =IF(G16="","",C16*G16) | I16: =IF(H16="","",H16*E16) | J16: =IF(I16="","",I16/1000)
F17: =IF(OR(C17="",D17="",E17=""),"",IF(E17<=Coeficienti!$A$4,Coeficienti!$B$4,IF(E17>=Coeficienti!$A$7,Coeficienti!$B$7,INDEX(Coeficienti!$B$4:$B$7,MATCH(E17,Coeficienti!$A$4:$A$7,1))+(E17-INDEX(Coeficienti!$A$4:$A$7,MATCH(E17,Coeficienti!$A$4:$A$7,1)))*(INDEX(Coeficienti!$B$4:$B$7,MATCH(E17,Coeficienti!$A$4:$A$7,1)+1)-INDEX(Coeficienti!$B$4:$B$7,MATCH(E17,Coeficienti!$A$4:$A$7,1)))/(INDEX(Coeficienti!$A$4:$A$7,MATCH(E17,Coeficienti!$A$4:$A$7,1)+1)-INDEX(Coeficienti!$A$4:$A$7,MATCH(E17,Coeficienti!$A$4:$A$7,1)))))) | G17: =IF(F17="","",1-F17*(D17-Coeficienti!$B$15)) | H17: =IF(G17="","",C17*G17) | I17: =IF(H17="","",H17*E17) | J17: =IF(I17="","",I17/1000)
F18: =IF(OR(C18="",D18="",E18=""),"",IF(E18<=Coeficienti!$A$4,Coeficienti!$B$4,IF(E18>=Coeficienti!$A$7,Coeficienti!$B$7,INDEX(Coeficienti!$B$4:$B$7,MATCH(E18,Coeficienti!$A$4:$A$7,1))+(E18-INDEX(Coeficienti!$A$4:$A$7,MATCH(E18,Coeficienti!$A$4:$A$7,1)))*(INDEX(Coeficienti!$B$4:$B$7,MATCH(E18,Coeficienti!$A$4:$A$7,1)+1)-INDEX(Coeficienti!$B$4:$B$7,MATCH(E18,Coeficienti!$A$4:$A$7,1)))/(INDEX(Coeficienti!$A$4:$A$7,MATCH(E18,Coeficienti!$A$4:$A$7,1)+1)-INDEX(Coeficienti!$A$4:$A$7,MATCH(E18,Coeficienti!$A$4:$A$7,1)))))) | G18: =IF(F18="","",1-F18*(D18-Coeficienti!$B$15)) | H18: =IF(G18="","",C18*G18) | I18: =IF(H18="","",H18*E18) | J18: =IF(I18="","",I18/1000)
... F54: =IF(OR(C54="",D54="",E54=""),"",IF(E54<=Coeficienti!$A$4,Coeficienti!$B$4,IF(E54>=Coeficienti!$A$7,Coeficienti!$B$7,INDEX(Coeficienti!$B$4:$B$7,MATCH(E54,Coeficienti!$A$4:$A$7,1))+(E54-INDEX(Coeficienti!$A$4:$A$7,MATCH(E54,Coeficienti!$A$4:$A$7,1)))*(INDEX(Coeficienti!$B$4:$B$7,MATCH(E54,Coeficienti!$A$4:$A$7,1)+1)-INDEX(Coeficienti!$B$4:$B$7,MATCH(E54,Coeficienti!$A$4:$A$7,1)))/(INDEX(Coeficienti!$A$4:$A$7,MATCH(E54,Coeficienti!$A$4:$A$7,1)+1)-INDEX(Coeficienti!$A$4:$A$7,MATCH(E54,Coeficienti!$A$4:$A$7,1)))))) | G54: =IF(F54="","",1-F54*(D54-Coeficienti!$B$15)) | H54: =IF(G54="","",C54*G54) | I54: =IF(H54="","",H54*E54) | J54: =IF(I54="","",I54/1000)
B55: TOTAL | C55: =SUM(C5:C54) | H55: =SUM(H5:H54) | I55: =SUM(I5:I54) | J55: =SUM(J5:J54)

Sheet Coeficienti
A1: Coeficienți de dilatare β pentru GPL (după densitatea la 15 °C)
A3: ρ15 (kg/L) | B3: β (1/°C) | C3: Produs tipic
A4: 0.5 | B4: 0.003 | C4: propan pur / foarte ușor
A5: 0.51 | B5: 0.0029 | C5: propan comercial
A6: 0.54 | B6: 0.0025 | C6: amestec propan-butan (~50/50)
A7: 0.58 | B7: 0.002 | C7: butan
A8: Valori aproximative (medii pe intervalul ~0…30 °C), estimate din proprietățile tipice ale propanului/butanului lichid. Pentru documente fiscale se folosește tabelul oficial ASTM/API Table 54E (diferență tipică ±0,1–0,2 %). Poți modifica valorile albastre dacă furnizorul îți dă alți coeficienți.
A11: Interpolare pentru ρ15 din Calculator
A12: β interpolat | B12: =IF(Calculator!C8<=A4,B4,IF(Calculator!C8>=A7,B7,INDEX(B4:B7,MATCH(Calculator!C8,A4:A7,1))+(Calculator!C8-INDEX(A4:A7,MATCH(Calculator!C8,A4:A7,1)))*(INDEX(B4:B7,MATCH(Calculator!C8,A4:A7,1)+1)-INDEX(B4:B7,MATCH(Calculator!C8,A4:A7,1)))/(INDEX(A4:A7,MATCH(Calculator!C8,A4:A7,1)+1)-INDEX(A4:A7,MATCH(Calculator!C8,A4:A7,1))))) | C12: Interpolare liniară între cele două rânduri din tabel între care se află ρ15 (dacă ρ15 e în afara tabelului, se ia valoarea de la capăt).
A14: Alte constante
A15: Temperatura de referință | B15: 15 | C15: °C – standard internațional pentru produse petroliere
A16: Corecție flotabilitate aer | B16: 0.0011 | C16: kg/L – se scade din ρ15 când masa e cerută „în aer” (convenție ASTM D1250)
